{
  "ping": {
    "data": {
    },
    "operation": 1000
  },

  "pong": {
    "data": {
    },
    "operation": 1001
  },

  "version": {
    "data": {
      "software_version": 4,
      "address": 16,
      "port": 2,
      "services": 8,
      "height": 8
    },
    "operation": 1002
  },

  "verack": {
    "data": {
    },
    "operation": 1003
  },

  "getaddr": {
    "data": {
    },
    "operation": 1004
  },

  "addr": {
    "data": {
      "address_count": 2,
      "addresses": [
        {
          "address": 16,
          "port": 2
        }
      ]
    },
    "operation": 1005
  },

  "get_blocks": {
    "data": {
      "height": 8
    },
    "operation": 1006
  },

  "inv": {
    "data": {
      "objects_types": 2,
      "objects": [
        {
          "hash": 32
        }
      ]
    },
    "operation": 1007
  },

  "getdata": {
    "data": {
      "objects_types": 2,
      "objects": [
        {
          "hash": 32
        }
      ]
    },
    "operation": 1009
  },

  "tx": {
    "data": {},
    "operation": 1010
  },
  "verdec": {
    "data": {

    },
    "operation": 1011
  }
}